Input,Generated Poem
"A anniversary poem for my friend, in a professional tone.","Friend, wishing you joy today, May love and luck be here to stay. A special
moment, bright and true, Filled with happiness just for you!"
"A birthday poem for my sibling, in a casual tone.","Hey Sibling, it’s time to cheer, Your special day is finally here! Laugh, eat
cake, and dance all night, Hope your birthday feels just right!"
"A anniversary poem for my friend, in a professional tone.","Friend, wishing you joy today, May love and luck be here to stay. A special
moment, bright and true, Filled with happiness just for you!"
"A wedding poem for my friend, in a casual tone.","Friend, wishing you joy today, May love and luck be here to stay. A special
moment, bright and true, Filled with happiness just for you!"
"A new job poem for my friend, in a casual tone.","Friend, wishing you joy today, May love and luck be here to stay. A special
moment, bright and true, Filled with happiness just for you!"
"A anniversary poem for my friend, in a warm tone.","Friend, wishing you joy today, May love and luck be here to stay. A special
moment, bright and true, Filled with happiness just for you!"
"A promotion poem for my acquaintance, in a casual tone.","Acquaintance, wishing you joy today, May love and luck be here to stay. A
special moment, bright and true, Filled with happiness just for you!"
"A birthday poem for my parent, in a inspirational tone.","A year ahead, a road so new, With dreams to chase and goals in view. May courage
guide and light your way, And bring you joy in each new day."
"A Christmas poem for my parent, in a humorous tone.","Parent, wishing you joy today, May love and luck be here to stay. A special
moment, bright and true, Filled with happiness just for you!"
"A New Year poem for my friend, in a friendly tone.","Friend, wishing you joy today, May love and luck be here to stay. A special
moment, bright and true, Filled with happiness just for you!"
"A birthday poem for my spouse, in a warm tone.","My dearest Spouse, full of grace, A gentle heart, a smiling face. May love and
laughter fill your year, With memories sweet and moments dear."
"A graduation poem for my parent, in a professional tone.","Parent, success is here, You've worked so hard, it's clear. A future bright now
lies ahead, Go seize the world with no more dread!"
"A Christmas poem for my acquaintance, in a confident tone.","Acquaintance, wishing you joy today, May love and luck be here to stay. A
special moment, bright and true, Filled with happiness just for you!"
"A new job poem for my friend, in a friendly tone.","Friend, wishing you joy today, May love and luck be here to stay. A special
moment, bright and true, Filled with happiness just for you!"
"A New Year poem for my friend, in a professional tone.","Friend, wishing you joy today, May love and luck be here to stay. A special
moment, bright and true, Filled with happiness just for you!"
"A wedding poem for my acquaintance, in a friendly tone.","Acquaintance, wishing you joy today, May love and luck be here to stay. A
special moment, bright and true, Filled with happiness just for you!"
"A new job poem for my spouse, in a casual tone.","Spouse, wishing you joy today, May love and luck be here to stay. A special
moment, bright and true, Filled with happiness just for you!"
"A graduation poem for my parent, in a friendly tone.","Hats off to you, Parent, hooray! Your hard work’s paid off in a grand way. Now
step ahead, embrace the ride, With all your friends right by your side!"
"A Christmas poem for my spouse, in a sincere tone.","Spouse, wishing you joy today, May love and luck be here to stay. A special
moment, bright and true, Filled with happiness just for you!"
"A Christmas poem for my acquaintance, in a humorous tone.","Acquaintance, wishing you joy today, May love and luck be here to stay. A
special moment, bright and true, Filled with happiness just for you!"
"A New Year poem for my parent, in a confident tone.","Parent, wishing you joy today, May love and luck be here to stay. A special
moment, bright and true, Filled with happiness just for you!"
"A promotion poem for my spouse, in a confident tone.","Spouse, wishing you joy today, May love and luck be here to stay. A special
moment, bright and true, Filled with happiness just for you!"
"A promotion poem for my acquaintance, in a sincere tone.","Acquaintance, wishing you joy today, May love and luck be here to stay. A
special moment, bright and true, Filled with happiness just for you!"
"A new job poem for my acquaintance, in a critical tone.","Acquaintance, wishing you joy today, May love and luck be here to stay. A
special moment, bright and true, Filled with happiness just for you!"
"A graduation poem for my spouse, in a friendly tone.","Hats off to you, Spouse, hooray! Your hard work’s paid off in a grand way. Now
step ahead, embrace the ride, With all your friends right by your side!"
"A graduation poem for my spouse, in a critical tone.","A diploma earned, Spouse, well played, But life’s real test is yet to be made.
Stay strong, stay sharp, keep pushing through, The world’s got much in store for
you."
"A wedding poem for my parent, in a humorous tone.","Parent, wishing you joy today, May love and luck be here to stay. A special
moment, bright and true, Filled with happiness just for you!"
"A New Year poem for my sibling, in a humorous tone.","Sibling, wishing you joy today, May love and luck be here to stay. A special
moment, bright and true, Filled with happiness just for you!"
"A Christmas poem for my parent, in a humorous tone.","Parent, wishing you joy today, May love and luck be here to stay. A special
moment, bright and true, Filled with happiness just for you!"
"A graduation poem for my spouse, in a sincere tone.","Your journey’s just begun, my friend, With knowledge vast and strength to lend.
May every step bring endless grace, And lead you to your perfect place."
"A birthday poem for my acquaintance, in a sincere tone.","Acquaintance, on this day so bright, I wish you joy and pure delight. May love
and laughter fill your days, And life unfold in golden rays."
"A New Year poem for my friend, in a warm tone.","Friend, wishing you joy today, May love and luck be here to stay. A special
moment, bright and true, Filled with happiness just for you!"
"A New Year poem for my friend, in a humorous tone.","Friend, wishing you joy today, May love and luck be here to stay. A special
moment, bright and true, Filled with happiness just for you!"
"A new job poem for my parent, in a humorous tone.","Parent, wishing you joy today, May love and luck be here to stay. A special
moment, bright and true, Filled with happiness just for you!"
"A anniversary poem for my friend, in a professional tone.","Friend, wishing you joy today, May love and luck be here to stay. A special
moment, bright and true, Filled with happiness just for you!"
"A New Year poem for my spouse, in a warm tone.","Spouse, wishing you joy today, May love and luck be here to stay. A special
moment, bright and true, Filled with happiness just for you!"
"A New Year poem for my friend, in a warm tone.","Friend, wishing you joy today, May love and luck be here to stay. A special
moment, bright and true, Filled with happiness just for you!"
"A wedding poem for my acquaintance, in a professional tone.","Acquaintance, wishing you joy today, May love and luck be here to stay. A
special moment, bright and true, Filled with happiness just for you!"
"A wedding poem for my sibling, in a critical tone.","Sibling, wishing you joy today, May love and luck be here to stay. A special
moment, bright and true, Filled with happiness just for you!"
"A graduation poem for my friend, in a inspirational tone.","A dream once distant, now so near, You’ve conquered fear, embraced the year. Go
forth, create, and light the way, The future’s bright—seize it today!"
"A wedding poem for my acquaintance, in a humorous tone.","Acquaintance, wishing you joy today, May love and luck be here to stay. A
special moment, bright and true, Filled with happiness just for you!"
"A wedding poem for my parent, in a inspirational tone.","Parent, wishing you joy today, May love and luck be here to stay. A special
moment, bright and true, Filled with happiness just for you!"
"A birthday poem for my acquaintance, in a critical tone.","Acquaintance, another year, take note, Wisdom grows as time you tote. Make each
moment wise and true, The best in life is up to you!"
"A wedding poem for my friend, in a confident tone.","Friend, wishing you joy today, May love and luck be here to stay. A special
moment, bright and true, Filled with happiness just for you!"
"A New Year poem for my sibling, in a sincere tone.","Sibling, wishing you joy today, May love and luck be here to stay. A special
moment, bright and true, Filled with happiness just for you!"
"A Christmas poem for my sibling, in a inspirational tone.","Sibling, wishing you joy today, May love and luck be here to stay. A special
moment, bright and true, Filled with happiness just for you!"
"A new job poem for my friend, in a sincere tone.","Friend, wishing you joy today, May love and luck be here to stay. A special
moment, bright and true, Filled with happiness just for you!"
"A anniversary poem for my friend, in a professional tone.","Friend, wishing you joy today, May love and luck be here to stay. A special
moment, bright and true, Filled with happiness just for you!"
"A wedding poem for my parent, in a critical tone.","Parent, wishing you joy today, May love and luck be here to stay. A special
moment, bright and true, Filled with happiness just for you!"
"A promotion poem for my friend, in a friendly tone.","Friend, wishing you joy today, May love and luck be here to stay. A special
moment, bright and true, Filled with happiness just for you!"
"A New Year poem for my spouse, in a humorous tone.","Spouse, wishing you joy today, May love and luck be here to stay. A special
moment, bright and true, Filled with happiness just for you!"
"A birthday poem for my parent, in a humorous tone.","Happy birthday, Parent, cheers! You're aging well, despite the years! Don't
count the candles, just enjoy, And eat that cake without a ploy!"
"A birthday poem for my parent, in a critical tone.","Parent, another year, take note, Wisdom grows as time you tote. Make each moment
wise and true, The best in life is up to you!"
"A New Year poem for my spouse, in a confident tone.","Spouse, wishing you joy today, May love and luck be here to stay. A special
moment, bright and true, Filled with happiness just for you!"
"A wedding poem for my spouse, in a professional tone.","Spouse, wishing you joy today, May love and luck be here to stay. A special
moment, bright and true, Filled with happiness just for you!"
"A promotion poem for my sibling, in a sincere tone.","Sibling, wishing you joy today, May love and luck be here to stay. A special
moment, bright and true, Filled with happiness just for you!"
"A wedding poem for my parent, in a professional tone.","Parent, wishing you joy today, May love and luck be here to stay. A special
moment, bright and true, Filled with happiness just for you!"
"A New Year poem for my sibling, in a humorous tone.","Sibling, wishing you joy today, May love and luck be here to stay. A special
moment, bright and true, Filled with happiness just for you!"
"A Christmas poem for my acquaintance, in a sincere tone.","Acquaintance, wishing you joy today, May love and luck be here to stay. A
special moment, bright and true, Filled with happiness just for you!"
"A graduation poem for my friend, in a warm tone.","Friend, today’s your time to shine, With lessons learned and steps divine. May
kindness, wisdom, light your way, And bring you joy each passing day."
"A promotion poem for my parent, in a humorous tone.","Parent, wishing you joy today, May love and luck be here to stay. A special
moment, bright and true, Filled with happiness just for you!"
"A wedding poem for my spouse, in a confident tone.","Spouse, wishing you joy today, May love and luck be here to stay. A special
moment, bright and true, Filled with happiness just for you!"
"A wedding poem for my friend, in a casual tone.","Friend, wishing you joy today, May love and luck be here to stay. A special
moment, bright and true, Filled with happiness just for you!"
"A wedding poem for my spouse, in a critical tone.","Spouse, wishing you joy today, May love and luck be here to stay. A special
moment, bright and true, Filled with happiness just for you!"
"A anniversary poem for my acquaintance, in a inspirational tone.","Acquaintance, wishing you joy today, May love and luck be here to stay. A
special moment, bright and true, Filled with happiness just for you!"
"A graduation poem for my sibling, in a sincere tone.","Your journey’s just begun, my friend, With knowledge vast and strength to lend.
May every step bring endless grace, And lead you to your perfect place."
"A promotion poem for my acquaintance, in a inspirational tone.","Acquaintance, wishing you joy today, May love and luck be here to stay. A
special moment, bright and true, Filled with happiness just for you!"
"A anniversary poem for my friend, in a professional tone.","Friend, wishing you joy today, May love and luck be here to stay. A special
moment, bright and true, Filled with happiness just for you!"
"A wedding poem for my friend, in a professional tone.","Friend, wishing you joy today, May love and luck be here to stay. A special
moment, bright and true, Filled with happiness just for you!"
"A birthday poem for my friend, in a humorous tone.","Happy birthday, Friend, cheers! You're aging well, despite the years! Don't
count the candles, just enjoy, And eat that cake without a ploy!"
"A Christmas poem for my acquaintance, in a humorous tone.","Acquaintance, wishing you joy today, May love and luck be here to stay. A
special moment, bright and true, Filled with happiness just for you!"
"A Christmas poem for my spouse, in a inspirational tone.","Spouse, wishing you joy today, May love and luck be here to stay. A special
moment, bright and true, Filled with happiness just for you!"
"A Christmas poem for my acquaintance, in a confident tone.","Acquaintance, wishing you joy today, May love and luck be here to stay. A
special moment, bright and true, Filled with happiness just for you!"
"A promotion poem for my sibling, in a humorous tone.","Sibling, wishing you joy today, May love and luck be here to stay. A special
moment, bright and true, Filled with happiness just for you!"
"A promotion poem for my spouse, in a humorous tone.","Spouse, wishing you joy today, May love and luck be here to stay. A special
moment, bright and true, Filled with happiness just for you!"
"A anniversary poem for my spouse, in a casual tone.","Spouse, wishing you joy today, May love and luck be here to stay. A special
moment, bright and true, Filled with happiness just for you!"
"A promotion poem for my acquaintance, in a friendly tone.","Acquaintance, wishing you joy today, May love and luck be here to stay. A
special moment, bright and true, Filled with happiness just for you!"
"A promotion poem for my sibling, in a inspirational tone.","Sibling, wishing you joy today, May love and luck be here to stay. A special
moment, bright and true, Filled with happiness just for you!"
"A Christmas poem for my acquaintance, in a humorous tone.","Acquaintance, wishing you joy today, May love and luck be here to stay. A
special moment, bright and true, Filled with happiness just for you!"
"A Christmas poem for my sibling, in a professional tone.","Sibling, wishing you joy today, May love and luck be here to stay. A special
moment, bright and true, Filled with happiness just for you!"
"A New Year poem for my parent, in a confident tone.","Parent, wishing you joy today, May love and luck be here to stay. A special
moment, bright and true, Filled with happiness just for you!"
"A Christmas poem for my spouse, in a friendly tone.","Spouse, wishing you joy today, May love and luck be here to stay. A special
moment, bright and true, Filled with happiness just for you!"
"A wedding poem for my acquaintance, in a casual tone.","Acquaintance, wishing you joy today, May love and luck be here to stay. A
special moment, bright and true, Filled with happiness just for you!"
"A wedding poem for my spouse, in a professional tone.","Spouse, wishing you joy today, May love and luck be here to stay. A special
moment, bright and true, Filled with happiness just for you!"
"A wedding poem for my acquaintance, in a inspirational tone.","Acquaintance, wishing you joy today, May love and luck be here to stay. A
special moment, bright and true, Filled with happiness just for you!"
"A graduation poem for my friend, in a confident tone.","You've done it, Friend, the world awaits, Your path is bright, unlock those
gates. May wisdom guide you, dreams come true, The best of life is made by you!"
"A New Year poem for my parent, in a professional tone.","Parent, wishing you joy today, May love and luck be here to stay. A special
moment, bright and true, Filled with happiness just for you!"
"A graduation poem for my parent, in a inspirational tone.","A dream once distant, now so near, You’ve conquered fear, embraced the year. Go
forth, create, and light the way, The future’s bright—seize it today!"
"A Christmas poem for my spouse, in a casual tone.","Spouse, wishing you joy today, May love and luck be here to stay. A special
moment, bright and true, Filled with happiness just for you!"
"A Christmas poem for my acquaintance, in a confident tone.","Acquaintance, wishing you joy today, May love and luck be here to stay. A
special moment, bright and true, Filled with happiness just for you!"
"A graduation poem for my parent, in a humorous tone.","Congrats, Parent, it’s official now, No more exams, go take a bow! But real
life’s tough, oh you will see, Guess who now pays the rent? It's thee!"
"A wedding poem for my parent, in a warm tone.","Parent, wishing you joy today, May love and luck be here to stay. A special
moment, bright and true, Filled with happiness just for you!"
"A Christmas poem for my spouse, in a inspirational tone.","Spouse, wishing you joy today, May love and luck be here to stay. A special
moment, bright and true, Filled with happiness just for you!"
"A New Year poem for my sibling, in a casual tone.","Sibling, wishing you joy today, May love and luck be here to stay. A special
moment, bright and true, Filled with happiness just for you!"
"A new job poem for my spouse, in a warm tone.","Spouse, wishing you joy today, May love and luck be here to stay. A special
moment, bright and true, Filled with happiness just for you!"
"A Christmas poem for my parent, in a humorous tone.","Parent, wishing you joy today, May love and luck be here to stay. A special
moment, bright and true, Filled with happiness just for you!"
"A graduation poem for my spouse, in a casual tone.","Way to go, Spouse, time to shine! Graduation's done—now it's prime time! New
adventures, endless fun, A fresh new chapter has begun!"
"A anniversary poem for my sibling, in a casual tone.","Sibling, wishing you joy today, May love and luck be here to stay. A special
moment, bright and true, Filled with happiness just for you!"
"A wedding poem for my spouse, in a critical tone.","Spouse, wishing you joy today, May love and luck be here to stay. A special
moment, bright and true, Filled with happiness just for you!"
"A promotion poem for my sibling, in a inspirational tone.","Sibling, wishing you joy today, May love and luck be here to stay. A special
moment, bright and true, Filled with happiness just for you!"
"A birthday poem for my acquaintance, in a critical tone.","Acquaintance, another year, take note, Wisdom grows as time you tote. Make each
moment wise and true, The best in life is up to you!"
"A promotion poem for my sibling, in a friendly tone.","Sibling, wishing you joy today, May love and luck be here to stay. A special
moment, bright and true, Filled with happiness just for you!"
"A New Year poem for my acquaintance, in a confident tone.","Acquaintance, wishing you joy today, May love and luck be here to stay. A
special moment, bright and true, Filled with happiness just for you!"
"A promotion poem for my parent, in a humorous tone.","Parent, wishing you joy today, May love and luck be here to stay. A special
moment, bright and true, Filled with happiness just for you!"
"A graduation poem for my spouse, in a friendly tone.","Hats off to you, Spouse, hooray! Your hard work’s paid off in a grand way. Now
step ahead, embrace the ride, With all your friends right by your side!"
"A New Year poem for my sibling, in a humorous tone.","Sibling, wishing you joy today, May love and luck be here to stay. A special
moment, bright and true, Filled with happiness just for you!"
"A wedding poem for my acquaintance, in a critical tone.","Acquaintance, wishing you joy today, May love and luck be here to stay. A
special moment, bright and true, Filled with happiness just for you!"
"A wedding poem for my acquaintance, in a humorous tone.","Acquaintance, wishing you joy today, May love and luck be here to stay. A
special moment, bright and true, Filled with happiness just for you!"
"A promotion poem for my parent, in a warm tone.","Parent, wishing you joy today, May love and luck be here to stay. A special
moment, bright and true, Filled with happiness just for you!"
"A new job poem for my parent, in a sincere tone.","Parent, wishing you joy today, May love and luck be here to stay. A special
moment, bright and true, Filled with happiness just for you!"
"A graduation poem for my friend, in a inspirational tone.","A dream once distant, now so near, You’ve conquered fear, embraced the year. Go
forth, create, and light the way, The future’s bright—seize it today!"
"A Christmas poem for my acquaintance, in a warm tone.","Acquaintance, wishing you joy today, May love and luck be here to stay. A
special moment, bright and true, Filled with happiness just for you!"
"A promotion poem for my acquaintance, in a confident tone.","Acquaintance, wishing you joy today, May love and luck be here to stay. A
special moment, bright and true, Filled with happiness just for you!"
"A New Year poem for my sibling, in a inspirational tone.","Sibling, wishing you joy today, May love and luck be here to stay. A special
moment, bright and true, Filled with happiness just for you!"
"A graduation poem for my sibling, in a professional tone.","Sibling, success is here, You've worked so hard, it's clear. A future bright now
lies ahead, Go seize the world with no more dread!"
"A promotion poem for my parent, in a sincere tone.","Parent, wishing you joy today, May love and luck be here to stay. A special
moment, bright and true, Filled with happiness just for you!"
"A birthday poem for my acquaintance, in a confident tone.","Acquaintance, this year is yours to own, May strength and wisdom brightly shone.
Chase your dreams and reach the skies, For greatness shines within your eyes!"
"A wedding poem for my sibling, in a friendly tone.","Sibling, wishing you joy today, May love and luck be here to stay. A special
moment, bright and true, Filled with happiness just for you!"
"A wedding poem for my sibling, in a friendly tone.","Sibling, wishing you joy today, May love and luck be here to stay. A special
moment, bright and true, Filled with happiness just for you!"
"A anniversary poem for my parent, in a humorous tone.","Parent, wishing you joy today, May love and luck be here to stay. A special
moment, bright and true, Filled with happiness just for you!"
"A graduation poem for my spouse, in a casual tone.","Way to go, Spouse, time to shine! Graduation's done—now it's prime time! New
adventures, endless fun, A fresh new chapter has begun!"
"A graduation poem for my friend, in a casual tone.","Way to go, Friend, time to shine! Graduation's done—now it's prime time! New
adventures, endless fun, A fresh new chapter has begun!"
"A wedding poem for my acquaintance, in a casual tone.","Acquaintance, wishing you joy today, May love and luck be here to stay. A
special moment, bright and true, Filled with happiness just for you!"
"A graduation poem for my spouse, in a critical tone.","A diploma earned, Spouse, well played, But life’s real test is yet to be made.
Stay strong, stay sharp, keep pushing through, The world’s got much in store for
you."
"A wedding poem for my acquaintance, in a critical tone.","Acquaintance, wishing you joy today, May love and luck be here to stay. A
special moment, bright and true, Filled with happiness just for you!"
"A graduation poem for my acquaintance, in a confident tone.","You've done it, Acquaintance, the world awaits, Your path is bright, unlock
those gates. May wisdom guide you, dreams come true, The best of life is made by
you!"
"A promotion poem for my friend, in a confident tone.","Friend, wishing you joy today, May love and luck be here to stay. A special
moment, bright and true, Filled with happiness just for you!"
"A graduation poem for my sibling, in a confident tone.","You've done it, Sibling, the world awaits, Your path is bright, unlock those
gates. May wisdom guide you, dreams come true, The best of life is made by you!"
"A wedding poem for my parent, in a friendly tone.","Parent, wishing you joy today, May love and luck be here to stay. A special
moment, bright and true, Filled with happiness just for you!"
"A Christmas poem for my parent, in a confident tone.","Parent, wishing you joy today, May love and luck be here to stay. A special
moment, bright and true, Filled with happiness just for you!"
"A new job poem for my spouse, in a critical tone.","Spouse, wishing you joy today, May love and luck be here to stay. A special
moment, bright and true, Filled with happiness just for you!"
"A new job poem for my acquaintance, in a inspirational tone.","Acquaintance, wishing you joy today, May love and luck be here to stay. A
special moment, bright and true, Filled with happiness just for you!"
"A Christmas poem for my friend, in a warm tone.","Friend, wishing you joy today, May love and luck be here to stay. A special
moment, bright and true, Filled with happiness just for you!"
"A birthday poem for my parent, in a friendly tone.","My dear Parent, let’s celebrate, A day so bright, a day so great! Wishing joy
and lots of cheer, And happiness throughout the year."
"A new job poem for my spouse, in a sincere tone.","Spouse, wishing you joy today, May love and luck be here to stay. A special
moment, bright and true, Filled with happiness just for you!"
"A New Year poem for my sibling, in a casual tone.","Sibling, wishing you joy today, May love and luck be here to stay. A special
moment, bright and true, Filled with happiness just for you!"
"A graduation poem for my sibling, in a inspirational tone.","A dream once distant, now so near, You’ve conquered fear, embraced the year. Go
forth, create, and light the way, The future’s bright—seize it today!"
"A promotion poem for my parent, in a critical tone.","Parent, wishing you joy today, May love and luck be here to stay. A special
moment, bright and true, Filled with happiness just for you!"
"A promotion poem for my parent, in a confident tone.","Parent, wishing you joy today, May love and luck be here to stay. A special
moment, bright and true, Filled with happiness just for you!"
"A promotion poem for my spouse, in a critical tone.","Spouse, wishing you joy today, May love and luck be here to stay. A special
moment, bright and true, Filled with happiness just for you!"
"A promotion poem for my sibling, in a critical tone.","Sibling, wishing you joy today, May love and luck be here to stay. A special
moment, bright and true, Filled with happiness just for you!"
"A graduation poem for my sibling, in a friendly tone.","Hats off to you, Sibling, hooray! Your hard work’s paid off in a grand way. Now
step ahead, embrace the ride, With all your friends right by your side!"
"A birthday poem for my sibling, in a confident tone.","Sibling, this year is yours to own, May strength and wisdom brightly shone.
Chase your dreams and reach the skies, For greatness shines within your eyes!"
"A Christmas poem for my acquaintance, in a warm tone.","Acquaintance, wishing you joy today, May love and luck be here to stay. A
special moment, bright and true, Filled with happiness just for you!"
"A anniversary poem for my spouse, in a confident tone.","Spouse, wishing you joy today, May love and luck be here to stay. A special
moment, bright and true, Filled with happiness just for you!"
"A new job poem for my parent, in a casual tone.","Parent, wishing you joy today, May love and luck be here to stay. A special
moment, bright and true, Filled with happiness just for you!"
"A birthday poem for my spouse, in a sincere tone.","Spouse, on this day so bright, I wish you joy and pure delight. May love and
laughter fill your days, And life unfold in golden rays."
"A New Year poem for my sibling, in a friendly tone.","Sibling, wishing you joy today, May love and luck be here to stay. A special
moment, bright and true, Filled with happiness just for you!"
"A graduation poem for my acquaintance, in a friendly tone.","Hats off to you, Acquaintance, hooray! Your hard work’s paid off in a grand way.
Now step ahead, embrace the ride, With all your friends right by your side!"
"A new job poem for my spouse, in a confident tone.","Spouse, wishing you joy today, May love and luck be here to stay. A special
moment, bright and true, Filled with happiness just for you!"
"A New Year poem for my parent, in a inspirational tone.","Parent, wishing you joy today, May love and luck be here to stay. A special
moment, bright and true, Filled with happiness just for you!"
"A New Year poem for my spouse, in a casual tone.","Spouse, wishing you joy today, May love and luck be here to stay. A special
moment, bright and true, Filled with happiness just for you!"
"A wedding poem for my parent, in a confident tone.","Parent, wishing you joy today, May love and luck be here to stay. A special
moment, bright and true, Filled with happiness just for you!"
"A birthday poem for my acquaintance, in a professional tone.","Dear Acquaintance, your day's begun, Wishing success, joy, and fun. May health
and fortune stay with you, And all your dreams keep coming true."
"A new job poem for my spouse, in a casual tone.","Spouse, wishing you joy today, May love and luck be here to stay. A special
moment, bright and true, Filled with happiness just for you!"
"A graduation poem for my spouse, in a professional tone.","Spouse, success is here, You've worked so hard, it's clear. A future bright now
lies ahead, Go seize the world with no more dread!"
"A wedding poem for my spouse, in a sincere tone.","Spouse, wishing you joy today, May love and luck be here to stay. A special
moment, bright and true, Filled with happiness just for you!"
"A new job poem for my parent, in a critical tone.","Parent, wishing you joy today, May love and luck be here to stay. A special
moment, bright and true, Filled with happiness just for you!"
"A New Year poem for my friend, in a inspirational tone.","Friend, wishing you joy today, May love and luck be here to stay. A special
moment, bright and true, Filled with happiness just for you!"
"A birthday poem for my spouse, in a casual tone.","Hey Spouse, it’s time to cheer, Your special day is finally here! Laugh, eat
cake, and dance all night, Hope your birthday feels just right!"
"A wedding poem for my spouse, in a sincere tone.","Spouse, wishing you joy today, May love and luck be here to stay. A special
moment, bright and true, Filled with happiness just for you!"
"A graduation poem for my sibling, in a confident tone.","You've done it, Sibling, the world awaits, Your path is bright, unlock those
gates. May wisdom guide you, dreams come true, The best of life is made by you!"
"A wedding poem for my acquaintance, in a friendly tone.","Acquaintance, wishing you joy today, May love and luck be here to stay. A
special moment, bright and true, Filled with happiness just for you!"
"A New Year poem for my sibling, in a humorous tone.","Sibling, wishing you joy today, May love and luck be here to stay. A special
moment, bright and true, Filled with happiness just for you!"
"A wedding poem for my spouse, in a friendly tone.","Spouse, wishing you joy today, May love and luck be here to stay. A special
moment, bright and true, Filled with happiness just for you!"
"A New Year poem for my spouse, in a critical tone.","Spouse, wishing you joy today, May love and luck be here to stay. A special
moment, bright and true, Filled with happiness just for you!"
"A New Year poem for my parent, in a critical tone.","Parent, wishing you joy today, May love and luck be here to stay. A special
moment, bright and true, Filled with happiness just for you!"
"A birthday poem for my friend, in a warm tone.","My dearest Friend, full of grace, A gentle heart, a smiling face. May love and
laughter fill your year, With memories sweet and moments dear."
"A promotion poem for my parent, in a casual tone.","Parent, wishing you joy today, May love and luck be here to stay. A special
moment, bright and true, Filled with happiness just for you!"
"A New Year poem for my acquaintance, in a inspirational tone.","Acquaintance, wishing you joy today, May love and luck be here to stay. A
special moment, bright and true, Filled with happiness just for you!"
"A new job poem for my friend, in a friendly tone.","Friend, wishing you joy today, May love and luck be here to stay. A special
moment, bright and true, Filled with happiness just for you!"
"A wedding poem for my parent, in a critical tone.","Parent, wishing you joy today, May love and luck be here to stay. A special
moment, bright and true, Filled with happiness just for you!"
"A New Year poem for my sibling, in a critical tone.","Sibling, wishing you joy today, May love and luck be here to stay. A special
moment, bright and true, Filled with happiness just for you!"
"A new job poem for my parent, in a professional tone.","Parent, wishing you joy today, May love and luck be here to stay. A special
moment, bright and true, Filled with happiness just for you!"
"A wedding poem for my friend, in a confident tone.","Friend, wishing you joy today, May love and luck be here to stay. A special
moment, bright and true, Filled with happiness just for you!"
"A Christmas poem for my acquaintance, in a casual tone.","Acquaintance, wishing you joy today, May love and luck be here to stay. A
special moment, bright and true, Filled with happiness just for you!"
"A New Year poem for my sibling, in a confident tone.","Sibling, wishing you joy today, May love and luck be here to stay. A special
moment, bright and true, Filled with happiness just for you!"
"A new job poem for my parent, in a warm tone.","Parent, wishing you joy today, May love and luck be here to stay. A special
moment, bright and true, Filled with happiness just for you!"
"A birthday poem for my spouse, in a casual tone.","Hey Spouse, it’s time to cheer, Your special day is finally here! Laugh, eat
cake, and dance all night, Hope your birthday feels just right!"
"A wedding poem for my sibling, in a critical tone.","Sibling, wishing you joy today, May love and luck be here to stay. A special
moment, bright and true, Filled with happiness just for you!"
"A New Year poem for my spouse, in a friendly tone.","Spouse, wishing you joy today, May love and luck be here to stay. A special
moment, bright and true, Filled with happiness just for you!"
"A graduation poem for my acquaintance, in a critical tone.","A diploma earned, Acquaintance, well played, But life’s real test is yet to be
made. Stay strong, stay sharp, keep pushing through, The world’s got much in
store for you."
"A graduation poem for my acquaintance, in a warm tone.","Acquaintance, today’s your time to shine, With lessons learned and steps divine.
May kindness, wisdom, light your way, And bring you joy each passing day."
"A promotion poem for my acquaintance, in a sincere tone.","Acquaintance, wishing you joy today, May love and luck be here to stay. A
special moment, bright and true, Filled with happiness just for you!"
"A wedding poem for my spouse, in a critical tone.","Spouse, wishing you joy today, May love and luck be here to stay. A special
moment, bright and true, Filled with happiness just for you!"
"A graduation poem for my acquaintance, in a confident tone.","You've done it, Acquaintance, the world awaits, Your path is bright, unlock
those gates. May wisdom guide you, dreams come true, The best of life is made by
you!"
"A new job poem for my spouse, in a sincere tone.","Spouse, wishing you joy today, May love and luck be here to stay. A special
moment, bright and true, Filled with happiness just for you!"
"A anniversary poem for my parent, in a sincere tone.","Parent, wishing you joy today, May love and luck be here to stay. A special
moment, bright and true, Filled with happiness just for you!"
"A Christmas poem for my sibling, in a confident tone.","Sibling, wishing you joy today, May love and luck be here to stay. A special
moment, bright and true, Filled with happiness just for you!"
"A new job poem for my spouse, in a casual tone.","Spouse, wishing you joy today, May love and luck be here to stay. A special
moment, bright and true, Filled with happiness just for you!"
"A wedding poem for my spouse, in a casual tone.","Spouse, wishing you joy today, May love and luck be here to stay. A special
moment, bright and true, Filled with happiness just for you!"
"A anniversary poem for my sibling, in a casual tone.","Sibling, wishing you joy today, May love and luck be here to stay. A special
moment, bright and true, Filled with happiness just for you!"
"A new job poem for my spouse, in a sincere tone.","Spouse, wishing you joy today, May love and luck be here to stay. A special
moment, bright and true, Filled with happiness just for you!"
"A new job poem for my sibling, in a friendly tone.","Sibling, wishing you joy today, May love and luck be here to stay. A special
moment, bright and true, Filled with happiness just for you!"
"A wedding poem for my sibling, in a warm tone.","Sibling, wishing you joy today, May love and luck be here to stay. A special
moment, bright and true, Filled with happiness just for you!"
"A birthday poem for my friend, in a friendly tone.","My dear Friend, let’s celebrate, A day so bright, a day so great! Wishing joy
and lots of cheer, And happiness throughout the year."
"A New Year poem for my sibling, in a critical tone.","Sibling, wishing you joy today, May love and luck be here to stay. A special
moment, bright and true, Filled with happiness just for you!"
"A New Year poem for my sibling, in a warm tone.","Sibling, wishing you joy today, May love and luck be here to stay. A special
moment, bright and true, Filled with happiness just for you!"
"A wedding poem for my acquaintance, in a sincere tone.","Acquaintance, wishing you joy today, May love and luck be here to stay. A
special moment, bright and true, Filled with happiness just for you!"
"A Christmas poem for my sibling, in a friendly tone.","Sibling, wishing you joy today, May love and luck be here to stay. A special
moment, bright and true, Filled with happiness just for you!"
"A anniversary poem for my acquaintance, in a warm tone.","Acquaintance, wishing you joy today, May love and luck be here to stay. A
special moment, bright and true, Filled with happiness just for you!"
"A anniversary poem for my spouse, in a inspirational tone.","Spouse, wishing you joy today, May love and luck be here to stay. A special
moment, bright and true, Filled with happiness just for you!"
"A anniversary poem for my sibling, in a sincere tone.","Sibling, wishing you joy today, May love and luck be here to stay. A special
moment, bright and true, Filled with happiness just for you!"
"A wedding poem for my spouse, in a warm tone.","Spouse, wishing you joy today, May love and luck be here to stay. A special
moment, bright and true, Filled with happiness just for you!"
"A anniversary poem for my acquaintance, in a critical tone.","Acquaintance, wishing you joy today, May love and luck be here to stay. A
special moment, bright and true, Filled with happiness just for you!"
"A new job poem for my parent, in a friendly tone.","Parent, wishing you joy today, May love and luck be here to stay. A special
moment, bright and true, Filled with happiness just for you!"
"A Christmas poem for my parent, in a critical tone.","Parent, wishing you joy today, May love and luck be here to stay. A special
moment, bright and true, Filled with happiness just for you!"
"A birthday poem for my parent, in a friendly tone.","My dear Parent, let’s celebrate, A day so bright, a day so great! Wishing joy
and lots of cheer, And happiness throughout the year."
"A New Year poem for my acquaintance, in a professional tone.","Acquaintance, wishing you joy today, May love and luck be here to stay. A
special moment, bright and true, Filled with happiness just for you!"
"A Christmas poem for my acquaintance, in a professional tone.","Acquaintance, wishing you joy today, May love and luck be here to stay. A
special moment, bright and true, Filled with happiness just for you!"
"A new job poem for my parent, in a casual tone.","Parent, wishing you joy today, May love and luck be here to stay. A special
moment, bright and true, Filled with happiness just for you!"
"A New Year poem for my friend, in a sincere tone.","Friend, wishing you joy today, May love and luck be here to stay. A special
moment, bright and true, Filled with happiness just for you!"
"A wedding poem for my acquaintance, in a warm tone.","Acquaintance, wishing you joy today, May love and luck be here to stay. A
special moment, bright and true, Filled with happiness just for you!"
"A graduation poem for my acquaintance, in a sincere tone.","Your journey’s just begun, my friend, With knowledge vast and strength to lend.
May every step bring endless grace, And lead you to your perfect place."
"A Christmas poem for my sibling, in a sincere tone.","Sibling, wishing you joy today, May love and luck be here to stay. A special
moment, bright and true, Filled with happiness just for you!"
"A graduation poem for my friend, in a critical tone.","A diploma earned, Friend, well played, But life’s real test is yet to be made.
Stay strong, stay sharp, keep pushing through, The world’s got much in store for
you."
"A New Year poem for my friend, in a inspirational tone.","Friend, wishing you joy today, May love and luck be here to stay. A special
moment, bright and true, Filled with happiness just for you!"
"A birthday poem for my acquaintance, in a critical tone.","Acquaintance, another year, take note, Wisdom grows as time you tote. Make each
moment wise and true, The best in life is up to you!"
"A anniversary poem for my acquaintance, in a critical tone.","Acquaintance, wishing you joy today, May love and luck be here to stay. A
special moment, bright and true, Filled with happiness just for you!"
"A anniversary poem for my parent, in a professional tone.","Parent, wishing you joy today, May love and luck be here to stay. A special
moment, bright and true, Filled with happiness just for you!"
"A New Year poem for my parent, in a friendly tone.","Parent, wishing you joy today, May love and luck be here to stay. A special
moment, bright and true, Filled with happiness just for you!"
"A anniversary poem for my spouse, in a critical tone.","Spouse, wishing you joy today, May love and luck be here to stay. A special
moment, bright and true, Filled with happiness just for you!"
"A graduation poem for my spouse, in a friendly tone.","Hats off to you, Spouse, hooray! Your hard work’s paid off in a grand way. Now
step ahead, embrace the ride, With all your friends right by your side!"
"A birthday poem for my sibling, in a professional tone.","Dear Sibling, your day's begun, Wishing success, joy, and fun. May health and
fortune stay with you, And all your dreams keep coming true."
"A New Year poem for my friend, in a confident tone.","Friend, wishing you joy today, May love and luck be here to stay. A special
moment, bright and true, Filled with happiness just for you!"
"A birthday poem for my sibling, in a professional tone.","Dear Sibling, your day's begun, Wishing success, joy, and fun. May health and
fortune stay with you, And all your dreams keep coming true."
"A promotion poem for my parent, in a friendly tone.","Parent, wishing you joy today, May love and luck be here to stay. A special
moment, bright and true, Filled with happiness just for you!"
"A graduation poem for my spouse, in a warm tone.","Spouse, today’s your time to shine, With lessons learned and steps divine. May
kindness, wisdom, light your way, And bring you joy each passing day."
"A anniversary poem for my friend, in a sincere tone.","Friend, wishing you joy today, May love and luck be here to stay. A special
moment, bright and true, Filled with happiness just for you!"
"A promotion poem for my parent, in a critical tone.","Parent, wishing you joy today, May love and luck be here to stay. A special
moment, bright and true, Filled with happiness just for you!"
"A graduation poem for my sibling, in a professional tone.","Sibling, success is here, You've worked so hard, it's clear. A future bright now
lies ahead, Go seize the world with no more dread!"
"A graduation poem for my acquaintance, in a warm tone.","Acquaintance, today’s your time to shine, With lessons learned and steps divine.
May kindness, wisdom, light your way, And bring you joy each passing day."
"A anniversary poem for my parent, in a professional tone.","Parent, wishing you joy today, May love and luck be here to stay. A special
moment, bright and true, Filled with happiness just for you!"
"A wedding poem for my parent, in a critical tone.","Parent, wishing you joy today, May love and luck be here to stay. A special
moment, bright and true, Filled with happiness just for you!"
"A new job poem for my acquaintance, in a sincere tone.","Acquaintance, wishing you joy today, May love and luck be here to stay. A
special moment, bright and true, Filled with happiness just for you!"
"A new job poem for my friend, in a humorous tone.","Friend, wishing you joy today, May love and luck be here to stay. A special
moment, bright and true, Filled with happiness just for you!"
"A birthday poem for my acquaintance, in a warm tone.","My dearest Acquaintance, full of grace, A gentle heart, a smiling face. May love
and laughter fill your year, With memories sweet and moments dear."
"A graduation poem for my parent, in a casual tone.","Way to go, Parent, time to shine! Graduation's done—now it's prime time! New
adventures, endless fun, A fresh new chapter has begun!"
"A birthday poem for my acquaintance, in a confident tone.","Acquaintance, this year is yours to own, May strength and wisdom brightly shone.
Chase your dreams and reach the skies, For greatness shines within your eyes!"
"A New Year poem for my friend, in a confident tone.","Friend, wishing you joy today, May love and luck be here to stay. A special
moment, bright and true, Filled with happiness just for you!"
"A anniversary poem for my acquaintance, in a warm tone.","Acquaintance, wishing you joy today, May love and luck be here to stay. A
special moment, bright and true, Filled with happiness just for you!"
"A new job poem for my spouse, in a warm tone.","Spouse, wishing you joy today, May love and luck be here to stay. A special
moment, bright and true, Filled with happiness just for you!"
"A wedding poem for my sibling, in a inspirational tone.","Sibling, wishing you joy today, May love and luck be here to stay. A special
moment, bright and true, Filled with happiness just for you!"
"A Christmas poem for my parent, in a confident tone.","Parent, wishing you joy today, May love and luck be here to stay. A special
moment, bright and true, Filled with happiness just for you!"
"A wedding poem for my friend, in a sincere tone.","Friend, wishing you joy today, May love and luck be here to stay. A special
moment, bright and true, Filled with happiness just for you!"
"A anniversary poem for my sibling, in a professional tone.","Sibling, wishing you joy today, May love and luck be here to stay. A special
moment, bright and true, Filled with happiness just for you!"
"A graduation poem for my parent, in a sincere tone.","Your journey’s just begun, my friend, With knowledge vast and strength to lend.
May every step bring endless grace, And lead you to your perfect place."
"A Christmas poem for my parent, in a inspirational tone.","Parent, wishing you joy today, May love and luck be here to stay. A special
moment, bright and true, Filled with happiness just for you!"
"A birthday poem for my spouse, in a inspirational tone.","A year ahead, a road so new, With dreams to chase and goals in view. May courage
guide and light your way, And bring you joy in each new day."
"A new job poem for my sibling, in a confident tone.","Sibling, wishing you joy today, May love and luck be here to stay. A special
moment, bright and true, Filled with happiness just for you!"
"A Christmas poem for my spouse, in a casual tone.","Spouse, wishing you joy today, May love and luck be here to stay. A special
moment, bright and true, Filled with happiness just for you!"
"A New Year poem for my spouse, in a sincere tone.","Spouse, wishing you joy today, May love and luck be here to stay. A special
moment, bright and true, Filled with happiness just for you!"
"A Christmas poem for my spouse, in a critical tone.","Spouse, wishing you joy today, May love and luck be here to stay. A special
moment, bright and true, Filled with happiness just for you!"
"A wedding poem for my spouse, in a sincere tone.","Spouse, wishing you joy today, May love and luck be here to stay. A special
moment, bright and true, Filled with happiness just for you!"
"A New Year poem for my parent, in a professional tone.","Parent, wishing you joy today, May love and luck be here to stay. A special
moment, bright and true, Filled with happiness just for you!"
"A anniversary poem for my spouse, in a casual tone.","Spouse, wishing you joy today, May love and luck be here to stay. A special
moment, bright and true, Filled with happiness just for you!"
"A anniversary poem for my sibling, in a inspirational tone.","Sibling, wishing you joy today, May love and luck be here to stay. A special
moment, bright and true, Filled with happiness just for you!"
"A graduation poem for my sibling, in a humorous tone.","Congrats, Sibling, it’s official now, No more exams, go take a bow! But real
life’s tough, oh you will see, Guess who now pays the rent? It's thee!"
"A new job poem for my acquaintance, in a warm tone.","Acquaintance, wishing you joy today, May love and luck be here to stay. A
special moment, bright and true, Filled with happiness just for you!"
"A anniversary poem for my acquaintance, in a professional tone.","Acquaintance, wishing you joy today, May love and luck be here to stay. A
special moment, bright and true, Filled with happiness just for you!"
"A birthday poem for my spouse, in a inspirational tone.","A year ahead, a road so new, With dreams to chase and goals in view. May courage
guide and light your way, And bring you joy in each new day."
"A anniversary poem for my spouse, in a inspirational tone.","Spouse, wishing you joy today, May love and luck be here to stay. A special
moment, bright and true, Filled with happiness just for you!"
"A Christmas poem for my spouse, in a inspirational tone.","Spouse, wishing you joy today, May love and luck be here to stay. A special
moment, bright and true, Filled with happiness just for you!"
"A wedding poem for my sibling, in a friendly tone.","Sibling, wishing you joy today, May love and luck be here to stay. A special
moment, bright and true, Filled with happiness just for you!"
"A wedding poem for my friend, in a humorous tone.","Friend, wishing you joy today, May love and luck be here to stay. A special
moment, bright and true, Filled with happiness just for you!"
"A graduation poem for my sibling, in a warm tone.","Sibling, today’s your time to shine, With lessons learned and steps divine. May
kindness, wisdom, light your way, And bring you joy each passing day."
"A graduation poem for my friend, in a casual tone.","Way to go, Friend, time to shine! Graduation's done—now it's prime time! New
adventures, endless fun, A fresh new chapter has begun!"
"A wedding poem for my friend, in a warm tone.","Friend, wishing you joy today, May love and luck be here to stay. A special
moment, bright and true, Filled with happiness just for you!"
"A graduation poem for my friend, in a humorous tone.","Congrats, Friend, it’s official now, No more exams, go take a bow! But real
life’s tough, oh you will see, Guess who now pays the rent? It's thee!"
"A promotion poem for my friend, in a confident tone.","Friend, wishing you joy today, May love and luck be here to stay. A special
moment, bright and true, Filled with happiness just for you!"
"A wedding poem for my friend, in a confident tone.","Friend, wishing you joy today, May love and luck be here to stay. A special
moment, bright and true, Filled with happiness just for you!"
"A wedding poem for my friend, in a professional tone.","Friend, wishing you joy today, May love and luck be here to stay. A special
moment, bright and true, Filled with happiness just for you!"
"A Christmas poem for my parent, in a confident tone.","Parent, wishing you joy today, May love and luck be here to stay. A special
moment, bright and true, Filled with happiness just for you!"
"A graduation poem for my spouse, in a humorous tone.","Congrats, Spouse, it’s official now, No more exams, go take a bow! But real
life’s tough, oh you will see, Guess who now pays the rent? It's thee!"
"A Christmas poem for my sibling, in a confident tone.","Sibling, wishing you joy today, May love and luck be here to stay. A special
moment, bright and true, Filled with happiness just for you!"
"A birthday poem for my spouse, in a critical tone.","Spouse, another year, take note, Wisdom grows as time you tote. Make each moment
wise and true, The best in life is up to you!"
"A graduation poem for my acquaintance, in a professional tone.","Acquaintance, success is here, You've worked so hard, it's clear. A future
bright now lies ahead, Go seize the world with no more dread!"
"A new job poem for my parent, in a casual tone.","Parent, wishing you joy today, May love and luck be here to stay. A special
moment, bright and true, Filled with happiness just for you!"
"A graduation poem for my friend, in a friendly tone.","Hats off to you, Friend, hooray! Your hard work’s paid off in a grand way. Now
step ahead, embrace the ride, With all your friends right by your side!"
"A new job poem for my friend, in a friendly tone.","Friend, wishing you joy today, May love and luck be here to stay. A special
moment, bright and true, Filled with happiness just for you!"
"A birthday poem for my acquaintance, in a critical tone.","Acquaintance, another year, take note, Wisdom grows as time you tote. Make each
moment wise and true, The best in life is up to you!"
"A anniversary poem for my acquaintance, in a sincere tone.","Acquaintance, wishing you joy today, May love and luck be here to stay. A
special moment, bright and true, Filled with happiness just for you!"
"A promotion poem for my friend, in a warm tone.","Friend, wishing you joy today, May love and luck be here to stay. A special
moment, bright and true, Filled with happiness just for you!"
"A new job poem for my parent, in a casual tone.","Parent, wishing you joy today, May love and luck be here to stay. A special
moment, bright and true, Filled with happiness just for you!"
"A new job poem for my acquaintance, in a humorous tone.","Acquaintance, wishing you joy today, May love and luck be here to stay. A
special moment, bright and true, Filled with happiness just for you!"
"A birthday poem for my spouse, in a professional tone.","Dear Spouse, your day's begun, Wishing success, joy, and fun. May health and
fortune stay with you, And all your dreams keep coming true."
"A promotion poem for my acquaintance, in a friendly tone.","Acquaintance, wishing you joy today, May love and luck be here to stay. A
special moment, bright and true, Filled with happiness just for you!"
"A birthday poem for my parent, in a casual tone.","Hey Parent, it’s time to cheer, Your special day is finally here! Laugh, eat
cake, and dance all night, Hope your birthday feels just right!"
"A promotion poem for my sibling, in a warm tone.","Sibling, wishing you joy today, May love and luck be here to stay. A special
moment, bright and true, Filled with happiness just for you!"
"A new job poem for my parent, in a friendly tone.","Parent, wishing you joy today, May love and luck be here to stay. A special
moment, bright and true, Filled with happiness just for you!"
"A new job poem for my parent, in a humorous tone.","Parent, wishing you joy today, May love and luck be here to stay. A special
moment, bright and true, Filled with happiness just for you!"
"A new job poem for my sibling, in a confident tone.","Sibling, wishing you joy today, May love and luck be here to stay. A special
moment, bright and true, Filled with happiness just for you!"
"A New Year poem for my spouse, in a inspirational tone.","Spouse, wishing you joy today, May love and luck be here to stay. A special
moment, bright and true, Filled with happiness just for you!"
"A New Year poem for my acquaintance, in a casual tone.","Acquaintance, wishing you joy today, May love and luck be here to stay. A
special moment, bright and true, Filled with happiness just for you!"
"A new job poem for my friend, in a humorous tone.","Friend, wishing you joy today, May love and luck be here to stay. A special
moment, bright and true, Filled with happiness just for you!"
"A graduation poem for my sibling, in a casual tone.","Way to go, Sibling, time to shine! Graduation's done—now it's prime time! New
adventures, endless fun, A fresh new chapter has begun!"
"A birthday poem for my acquaintance, in a humorous tone.","Happy birthday, Acquaintance, cheers! You're aging well, despite the years!
Don't count the candles, just enjoy, And eat that cake without a ploy!"
"A wedding poem for my sibling, in a confident tone.","Sibling, wishing you joy today, May love and luck be here to stay. A special
moment, bright and true, Filled with happiness just for you!"
"A promotion poem for my spouse, in a inspirational tone.","Spouse, wishing you joy today, May love and luck be here to stay. A special
moment, bright and true, Filled with happiness just for you!"
"A birthday poem for my sibling, in a sincere tone.","Sibling, on this day so bright, I wish you joy and pure delight. May love and
laughter fill your days, And life unfold in golden rays."
"A new job poem for my acquaintance, in a casual tone.","Acquaintance, wishing you joy today, May love and luck be here to stay. A
special moment, bright and true, Filled with happiness just for you!"
"A Christmas poem for my parent, in a professional tone.","Parent, wishing you joy today, May love and luck be here to stay. A special
moment, bright and true, Filled with happiness just for you!"
"A graduation poem for my acquaintance, in a friendly tone.","Hats off to you, Acquaintance, hooray! Your hard work’s paid off in a grand way.
Now step ahead, embrace the ride, With all your friends right by your side!"
"A birthday poem for my sibling, in a humorous tone.","Happy birthday, Sibling, cheers! You're aging well, despite the years! Don't
count the candles, just enjoy, And eat that cake without a ploy!"
"A wedding poem for my parent, in a critical tone.","Parent, wishing you joy today, May love and luck be here to stay. A special
moment, bright and true, Filled with happiness just for you!"
"A promotion poem for my parent, in a warm tone.","Parent, wishing you joy today, May love and luck be here to stay. A special
moment, bright and true, Filled with happiness just for you!"
"A New Year poem for my parent, in a critical tone.","Parent, wishing you joy today, May love and luck be here to stay. A special
moment, bright and true, Filled with happiness just for you!"
"A Christmas poem for my friend, in a friendly tone.","Friend, wishing you joy today, May love and luck be here to stay. A special
moment, bright and true, Filled with happiness just for you!"
"A graduation poem for my friend, in a sincere tone.","Your journey’s just begun, my friend, With knowledge vast and strength to lend.
May every step bring endless grace, And lead you to your perfect place."
"A anniversary poem for my acquaintance, in a casual tone.","Acquaintance, wishing you joy today, May love and luck be here to stay. A
special moment, bright and true, Filled with happiness just for you!"
"A birthday poem for my spouse, in a inspirational tone.","A year ahead, a road so new, With dreams to chase and goals in view. May courage
guide and light your way, And bring you joy in each new day."
"A Christmas poem for my parent, in a critical tone.","Parent, wishing you joy today, May love and luck be here to stay. A special
moment, bright and true, Filled with happiness just for you!"
"A anniversary poem for my sibling, in a humorous tone.","Sibling, wishing you joy today, May love and luck be here to stay. A special
moment, bright and true, Filled with happiness just for you!"
"A birthday poem for my friend, in a confident tone.","Friend, this year is yours to own, May strength and wisdom brightly shone. Chase
your dreams and reach the skies, For greatness shines within your eyes!"
"A new job poem for my spouse, in a humorous tone.","Spouse, wishing you joy today, May love and luck be here to stay. A special
moment, bright and true, Filled with happiness just for you!"
"A wedding poem for my spouse, in a inspirational tone.","Spouse, wishing you joy today, May love and luck be here to stay. A special
moment, bright and true, Filled with happiness just for you!"
"A graduation poem for my friend, in a professional tone.","Friend, success is here, You've worked so hard, it's clear. A future bright now
lies ahead, Go seize the world with no more dread!"
"A new job poem for my acquaintance, in a warm tone.","Acquaintance, wishing you joy today, May love and luck be here to stay. A
special moment, bright and true, Filled with happiness just for you!"
"A New Year poem for my parent, in a warm tone.","Parent, wishing you joy today, May love and luck be here to stay. A special
moment, bright and true, Filled with happiness just for you!"
"A promotion poem for my acquaintance, in a warm tone.","Acquaintance, wishing you joy today, May love and luck be here to stay. A
special moment, bright and true, Filled with happiness just for you!"
"A anniversary poem for my spouse, in a confident tone.","Spouse, wishing you joy today, May love and luck be here to stay. A special
moment, bright and true, Filled with happiness just for you!"
"A Christmas poem for my acquaintance, in a sincere tone.","Acquaintance, wishing you joy today, May love and luck be here to stay. A
special moment, bright and true, Filled with happiness just for you!"
"A wedding poem for my sibling, in a confident tone.","Sibling, wishing you joy today, May love and luck be here to stay. A special
moment, bright and true, Filled with happiness just for you!"
"A New Year poem for my parent, in a inspirational tone.","Parent, wishing you joy today, May love and luck be here to stay. A special
moment, bright and true, Filled with happiness just for you!"
"A New Year poem for my spouse, in a inspirational tone.","Spouse, wishing you joy today, May love and luck be here to stay. A special
moment, bright and true, Filled with happiness just for you!"
"A birthday poem for my sibling, in a humorous tone.","Happy birthday, Sibling, cheers! You're aging well, despite the years! Don't
count the candles, just enjoy, And eat that cake without a ploy!"
"A promotion poem for my spouse, in a critical tone.","Spouse, wishing you joy today, May love and luck be here to stay. A special
moment, bright and true, Filled with happiness just for you!"
"A birthday poem for my parent, in a casual tone.","Hey Parent, it’s time to cheer, Your special day is finally here! Laugh, eat
cake, and dance all night, Hope your birthday feels just right!"
"A anniversary poem for my spouse, in a casual tone.","Spouse, wishing you joy today, May love and luck be here to stay. A special
moment, bright and true, Filled with happiness just for you!"
"A new job poem for my sibling, in a friendly tone.","Sibling, wishing you joy today, May love and luck be here to stay. A special
moment, bright and true, Filled with happiness just for you!"
"A New Year poem for my sibling, in a inspirational tone.","Sibling, wishing you joy today, May love and luck be here to stay. A special
moment, bright and true, Filled with happiness just for you!"
"A Christmas poem for my friend, in a inspirational tone.","Friend, wishing you joy today, May love and luck be here to stay. A special
moment, bright and true, Filled with happiness just for you!"
"A New Year poem for my parent, in a friendly tone.","Parent, wishing you joy today, May love and luck be here to stay. A special
moment, bright and true, Filled with happiness just for you!"
"A graduation poem for my sibling, in a warm tone.","Sibling, today’s your time to shine, With lessons learned and steps divine. May
kindness, wisdom, light your way, And bring you joy each passing day."
"A anniversary poem for my parent, in a confident tone.","Parent, wishing you joy today, May love and luck be here to stay. A special
moment, bright and true, Filled with happiness just for you!"
"A new job poem for my parent, in a sincere tone.","Parent, wishing you joy today, May love and luck be here to stay. A special
moment, bright and true, Filled with happiness just for you!"
"A anniversary poem for my sibling, in a critical tone.","Sibling, wishing you joy today, May love and luck be here to stay. A special
moment, bright and true, Filled with happiness just for you!"
"A birthday poem for my sibling, in a critical tone.","Sibling, another year, take note, Wisdom grows as time you tote. Make each
moment wise and true, The best in life is up to you!"
"A Christmas poem for my acquaintance, in a professional tone.","Acquaintance, wishing you joy today, May love and luck be here to stay. A
special moment, bright and true, Filled with happiness just for you!"
"A promotion poem for my acquaintance, in a critical tone.","Acquaintance, wishing you joy today, May love and luck be here to stay. A
special moment, bright and true, Filled with happiness just for you!"
"A New Year poem for my acquaintance, in a sincere tone.","Acquaintance, wishing you joy today, May love and luck be here to stay. A
special moment, bright and true, Filled with happiness just for you!"
"A Christmas poem for my friend, in a humorous tone.","Friend, wishing you joy today, May love and luck be here to stay. A special
moment, bright and true, Filled with happiness just for you!"
"A wedding poem for my friend, in a casual tone.","Friend, wishing you joy today, May love and luck be here to stay. A special
moment, bright and true, Filled with happiness just for you!"
"A new job poem for my spouse, in a friendly tone.","Spouse, wishing you joy today, May love and luck be here to stay. A special
moment, bright and true, Filled with happiness just for you!"
"A wedding poem for my spouse, in a humorous tone.","Spouse, wishing you joy today, May love and luck be here to stay. A special
moment, bright and true, Filled with happiness just for you!"
"A new job poem for my friend, in a confident tone.","Friend, wishing you joy today, May love and luck be here to stay. A special
moment, bright and true, Filled with happiness just for you!"
"A birthday poem for my acquaintance, in a inspirational tone.","A year ahead, a road so new, With dreams to chase and goals in view. May courage
guide and light your way, And bring you joy in each new day."
"A birthday poem for my parent, in a casual tone.","Hey Parent, it’s time to cheer, Your special day is finally here! Laugh, eat
cake, and dance all night, Hope your birthday feels just right!"
"A birthday poem for my parent, in a casual tone.","Hey Parent, it’s time to cheer, Your special day is finally here! Laugh, eat
cake, and dance all night, Hope your birthday feels just right!"
"A promotion poem for my acquaintance, in a professional tone.","Acquaintance, wishing you joy today, May love and luck be here to stay. A
special moment, bright and true, Filled with happiness just for you!"
"A birthday poem for my acquaintance, in a inspirational tone.","A year ahead, a road so new, With dreams to chase and goals in view. May courage
guide and light your way, And bring you joy in each new day."
"A promotion poem for my parent, in a warm tone.","Parent, wishing you joy today, May love and luck be here to stay. A special
moment, bright and true, Filled with happiness just for you!"
"A new job poem for my parent, in a inspirational tone.","Parent, wishing you joy today, May love and luck be here to stay. A special
moment, bright and true, Filled with happiness just for you!"
"A New Year poem for my sibling, in a confident tone.","Sibling, wishing you joy today, May love and luck be here to stay. A special
moment, bright and true, Filled with happiness just for you!"
"A Christmas poem for my sibling, in a sincere tone.","Sibling, wishing you joy today, May love and luck be here to stay. A special
moment, bright and true, Filled with happiness just for you!"
"A New Year poem for my friend, in a humorous tone.","Friend, wishing you joy today, May love and luck be here to stay. A special
moment, bright and true, Filled with happiness just for you!"
"A birthday poem for my acquaintance, in a critical tone.","Acquaintance, another year, take note, Wisdom grows as time you tote. Make each
moment wise and true, The best in life is up to you!"
"A birthday poem for my spouse, in a professional tone.","Dear Spouse, your day's begun, Wishing success, joy, and fun. May health and
fortune stay with you, And all your dreams keep coming true."
"A graduation poem for my acquaintance, in a warm tone.","Acquaintance, today’s your time to shine, With lessons learned and steps divine.
May kindness, wisdom, light your way, And bring you joy each passing day."
"A anniversary poem for my acquaintance, in a friendly tone.","Acquaintance, wishing you joy today, May love and luck be here to stay. A
special moment, bright and true, Filled with happiness just for you!"
"A Christmas poem for my friend, in a humorous tone.","Friend, wishing you joy today, May love and luck be here to stay. A special
moment, bright and true, Filled with happiness just for you!"
"A anniversary poem for my parent, in a critical tone.","Parent, wishing you joy today, May love and luck be here to stay. A special
moment, bright and true, Filled with happiness just for you!"
"A New Year poem for my parent, in a confident tone.","Parent, wishing you joy today, May love and luck be here to stay. A special
moment, bright and true, Filled with happiness just for you!"
"A new job poem for my friend, in a friendly tone.","Friend, wishing you joy today, May love and luck be here to stay. A special
moment, bright and true, Filled with happiness just for you!"
"A graduation poem for my friend, in a sincere tone.","Your journey’s just begun, my friend, With knowledge vast and strength to lend.
May every step bring endless grace, And lead you to your perfect place."
"A anniversary poem for my sibling, in a sincere tone.","Sibling, wishing you joy today, May love and luck be here to stay. A special
moment, bright and true, Filled with happiness just for you!"
"A birthday poem for my acquaintance, in a humorous tone.","Happy birthday, Acquaintance, cheers! You're aging well, despite the years!
Don't count the candles, just enjoy, And eat that cake without a ploy!"
"A Christmas poem for my sibling, in a warm tone.","Sibling, wishing you joy today, May love and luck be here to stay. A special
moment, bright and true, Filled with happiness just for you!"
"A New Year poem for my acquaintance, in a friendly tone.","Acquaintance, wishing you joy today, May love and luck be here to stay. A
special moment, bright and true, Filled with happiness just for you!"
"A wedding poem for my spouse, in a confident tone.","Spouse, wishing you joy today, May love and luck be here to stay. A special
moment, bright and true, Filled with happiness just for you!"
"A birthday poem for my acquaintance, in a confident tone.","Acquaintance, this year is yours to own, May strength and wisdom brightly shone.
Chase your dreams and reach the skies, For greatness shines within your eyes!"
"A anniversary poem for my parent, in a sincere tone.","Parent, wishing you joy today, May love and luck be here to stay. A special
moment, bright and true, Filled with happiness just for you!"
"A Christmas poem for my spouse, in a professional tone.","Spouse, wishing you joy today, May love and luck be here to stay. A special
moment, bright and true, Filled with happiness just for you!"
"A wedding poem for my spouse, in a casual tone.","Spouse, wishing you joy today, May love and luck be here to stay. A special
moment, bright and true, Filled with happiness just for you!"
"A wedding poem for my spouse, in a critical tone.","Spouse, wishing you joy today, May love and luck be here to stay. A special
moment, bright and true, Filled with happiness just for you!"
"A graduation poem for my friend, in a humorous tone.","Congrats, Friend, it’s official now, No more exams, go take a bow! But real
life’s tough, oh you will see, Guess who now pays the rent? It's thee!"
"A anniversary poem for my acquaintance, in a inspirational tone.","Acquaintance, wishing you joy today, May love and luck be here to stay. A
special moment, bright and true, Filled with happiness just for you!"
"A promotion poem for my spouse, in a humorous tone.","Spouse, wishing you joy today, May love and luck be here to stay. A special
moment, bright and true, Filled with happiness just for you!"
"A anniversary poem for my acquaintance, in a humorous tone.","Acquaintance, wishing you joy today, May love and luck be here to stay. A
special moment, bright and true, Filled with happiness just for you!"
"A promotion poem for my sibling, in a inspirational tone.","Sibling, wishing you joy today, May love and luck be here to stay. A special
moment, bright and true, Filled with happiness just for you!"
"A wedding poem for my friend, in a sincere tone.","Friend, wishing you joy today, May love and luck be here to stay. A special
moment, bright and true, Filled with happiness just for you!"
"A Christmas poem for my friend, in a critical tone.","Friend, wishing you joy today, May love and luck be here to stay. A special
moment, bright and true, Filled with happiness just for you!"
"A graduation poem for my sibling, in a casual tone.","Way to go, Sibling, time to shine! Graduation's done—now it's prime time! New
adventures, endless fun, A fresh new chapter has begun!"
"A wedding poem for my acquaintance, in a critical tone.","Acquaintance, wishing you joy today, May love and luck be here to stay. A
special moment, bright and true, Filled with happiness just for you!"
"A anniversary poem for my friend, in a casual tone.","Friend, wishing you joy today, May love and luck be here to stay. A special
moment, bright and true, Filled with happiness just for you!"
"A promotion poem for my friend, in a warm tone.","Friend, wishing you joy today, May love and luck be here to stay. A special
moment, bright and true, Filled with happiness just for you!"
"A anniversary poem for my spouse, in a casual tone.","Spouse, wishing you joy today, May love and luck be here to stay. A special
moment, bright and true, Filled with happiness just for you!"
"A graduation poem for my friend, in a critical tone.","A diploma earned, Friend, well played, But life’s real test is yet to be made.
Stay strong, stay sharp, keep pushing through, The world’s got much in store for
you."
"A new job poem for my acquaintance, in a casual tone.","Acquaintance, wishing you joy today, May love and luck be here to stay. A
special moment, bright and true, Filled with happiness just for you!"
"A anniversary poem for my acquaintance, in a casual tone.","Acquaintance, wishing you joy today, May love and luck be here to stay. A
special moment, bright and true, Filled with happiness just for you!"
"A new job poem for my acquaintance, in a sincere tone.","Acquaintance, wishing you joy today, May love and luck be here to stay. A
special moment, bright and true, Filled with happiness just for you!"
"A anniversary poem for my parent, in a warm tone.","Parent, wishing you joy today, May love and luck be here to stay. A special
moment, bright and true, Filled with happiness just for you!"
"A birthday poem for my friend, in a casual tone.","Hey Friend, it’s time to cheer, Your special day is finally here! Laugh, eat
cake, and dance all night, Hope your birthday feels just right!"
"A Christmas poem for my friend, in a friendly tone.","Friend, wishing you joy today, May love and luck be here to stay. A special
moment, bright and true, Filled with happiness just for you!"
"A birthday poem for my acquaintance, in a professional tone.","Dear Acquaintance, your day's begun, Wishing success, joy, and fun. May health
and fortune stay with you, And all your dreams keep coming true."
"A birthday poem for my acquaintance, in a sincere tone.","Acquaintance, on this day so bright, I wish you joy and pure delight. May love
and laughter fill your days, And life unfold in golden rays."
"A anniversary poem for my spouse, in a humorous tone.","Spouse, wishing you joy today, May love and luck be here to stay. A special
moment, bright and true, Filled with happiness just for you!"
"A promotion poem for my acquaintance, in a warm tone.","Acquaintance, wishing you joy today, May love and luck be here to stay. A
special moment, bright and true, Filled with happiness just for you!"
"A anniversary poem for my sibling, in a friendly tone.","Sibling, wishing you joy today, May love and luck be here to stay. A special
moment, bright and true, Filled with happiness just for you!"
"A graduation poem for my spouse, in a casual tone.","Way to go, Spouse, time to shine! Graduation's done—now it's prime time! New
adventures, endless fun, A fresh new chapter has begun!"
"A birthday poem for my spouse, in a sincere tone.","Spouse, on this day so bright, I wish you joy and pure delight. May love and
laughter fill your days, And life unfold in golden rays."
"A anniversary poem for my sibling, in a critical tone.","Sibling, wishing you joy today, May love and luck be here to stay. A special
moment, bright and true, Filled with happiness just for you!"
"A anniversary poem for my spouse, in a casual tone.","Spouse, wishing you joy today, May love and luck be here to stay. A special
moment, bright and true, Filled with happiness just for you!"
"A birthday poem for my sibling, in a professional tone.","Dear Sibling, your day's begun, Wishing success, joy, and fun. May health and
fortune stay with you, And all your dreams keep coming true."
"A birthday poem for my sibling, in a sincere tone.","Sibling, on this day so bright, I wish you joy and pure delight. May love and
laughter fill your days, And life unfold in golden rays."
"A new job poem for my friend, in a warm tone.","Friend, wishing you joy today, May love and luck be here to stay. A special
moment, bright and true, Filled with happiness just for you!"
"A new job poem for my friend, in a casual tone.","Friend, wishing you joy today, May love and luck be here to stay. A special
moment, bright and true, Filled with happiness just for you!"
"A graduation poem for my friend, in a critical tone.","A diploma earned, Friend, well played, But life’s real test is yet to be made.
Stay strong, stay sharp, keep pushing through, The world’s got much in store for
you."
"A promotion poem for my friend, in a confident tone.","Friend, wishing you joy today, May love and luck be here to stay. A special
moment, bright and true, Filled with happiness just for you!"
"A promotion poem for my parent, in a confident tone.","Parent, wishing you joy today, May love and luck be here to stay. A special
moment, bright and true, Filled with happiness just for you!"
"A wedding poem for my acquaintance, in a sincere tone.","Acquaintance, wishing you joy today, May love and luck be here to stay. A
special moment, bright and true, Filled with happiness just for you!"
"A Christmas poem for my spouse, in a casual tone.","Spouse, wishing you joy today, May love and luck be here to stay. A special
moment, bright and true, Filled with happiness just for you!"
"A New Year poem for my parent, in a inspirational tone.","Parent, wishing you joy today, May love and luck be here to stay. A special
moment, bright and true, Filled with happiness just for you!"
"A Christmas poem for my sibling, in a confident tone.","Sibling, wishing you joy today, May love and luck be here to stay. A special
moment, bright and true, Filled with happiness just for you!"
"A Christmas poem for my spouse, in a confident tone.","Spouse, wishing you joy today, May love and luck be here to stay. A special
moment, bright and true, Filled with happiness just for you!"
"A birthday poem for my friend, in a critical tone.","Friend, another year, take note, Wisdom grows as time you tote. Make each moment
wise and true, The best in life is up to you!"
"A Christmas poem for my spouse, in a friendly tone.","Spouse, wishing you joy today, May love and luck be here to stay. A special
moment, bright and true, Filled with happiness just for you!"
"A wedding poem for my parent, in a professional tone.","Parent, wishing you joy today, May love and luck be here to stay. A special
moment, bright and true, Filled with happiness just for you!"
"A graduation poem for my spouse, in a confident tone.","You've done it, Spouse, the world awaits, Your path is bright, unlock those
gates. May wisdom guide you, dreams come true, The best of life is made by you!"
"A new job poem for my acquaintance, in a professional tone.","Acquaintance, wishing you joy today, May love and luck be here to stay. A
special moment, bright and true, Filled with happiness just for you!"
"A Christmas poem for my friend, in a friendly tone.","Friend, wishing you joy today, May love and luck be here to stay. A special
moment, bright and true, Filled with happiness just for you!"
"A anniversary poem for my parent, in a professional tone.","Parent, wishing you joy today, May love and luck be here to stay. A special
moment, bright and true, Filled with happiness just for you!"
"A anniversary poem for my parent, in a humorous tone.","Parent, wishing you joy today, May love and luck be here to stay. A special
moment, bright and true, Filled with happiness just for you!"
"A wedding poem for my sibling, in a casual tone.","Sibling, wishing you joy today, May love and luck be here to stay. A special
moment, bright and true, Filled with happiness just for you!"
"A wedding poem for my friend, in a confident tone.","Friend, wishing you joy today, May love and luck be here to stay. A special
moment, bright and true, Filled with happiness just for you!"
"A birthday poem for my spouse, in a inspirational tone.","A year ahead, a road so new, With dreams to chase and goals in view. May courage
guide and light your way, And bring you joy in each new day."
"A birthday poem for my friend, in a casual tone.","Hey Friend, it’s time to cheer, Your special day is finally here! Laugh, eat
cake, and dance all night, Hope your birthday feels just right!"
"A Christmas poem for my parent, in a confident tone.","Parent, wishing you joy today, May love and luck be here to stay. A special
moment, bright and true, Filled with happiness just for you!"
"A Christmas poem for my sibling, in a humorous tone.","Sibling, wishing you joy today, May love and luck be here to stay. A special
moment, bright and true, Filled with happiness just for you!"
"A birthday poem for my sibling, in a professional tone.","Dear Sibling, your day's begun, Wishing success, joy, and fun. May health and
fortune stay with you, And all your dreams keep coming true."
"A Christmas poem for my sibling, in a warm tone.","Sibling, wishing you joy today, May love and luck be here to stay. A special
moment, bright and true, Filled with happiness just for you!"
"A graduation poem for my spouse, in a humorous tone.","Congrats, Spouse, it’s official now, No more exams, go take a bow! But real
life’s tough, oh you will see, Guess who now pays the rent? It's thee!"
"A new job poem for my spouse, in a critical tone.","Spouse, wishing you joy today, May love and luck be here to stay. A special
moment, bright and true, Filled with happiness just for you!"
"A New Year poem for my spouse, in a professional tone.","Spouse, wishing you joy today, May love and luck be here to stay. A special
moment, bright and true, Filled with happiness just for you!"
"A new job poem for my acquaintance, in a critical tone.","Acquaintance, wishing you joy today, May love and luck be here to stay. A
special moment, bright and true, Filled with happiness just for you!"
"A graduation poem for my sibling, in a warm tone.","Sibling, today’s your time to shine, With lessons learned and steps divine. May
kindness, wisdom, light your way, And bring you joy each passing day."
"A birthday poem for my sibling, in a casual tone.","Hey Sibling, it’s time to cheer, Your special day is finally here! Laugh, eat
cake, and dance all night, Hope your birthday feels just right!"
"A New Year poem for my acquaintance, in a humorous tone.","Acquaintance, wishing you joy today, May love and luck be here to stay. A
special moment, bright and true, Filled with happiness just for you!"
"A wedding poem for my acquaintance, in a professional tone.","Acquaintance, wishing you joy today, May love and luck be here to stay. A
special moment, bright and true, Filled with happiness just for you!"
"A New Year poem for my parent, in a professional tone.","Parent, wishing you joy today, May love and luck be here to stay. A special
moment, bright and true, Filled with happiness just for you!"
"A Christmas poem for my spouse, in a critical tone.","Spouse, wishing you joy today, May love and luck be here to stay. A special
moment, bright and true, Filled with happiness just for you!"
"A wedding poem for my parent, in a critical tone.","Parent, wishing you joy today, May love and luck be here to stay. A special
moment, bright and true, Filled with happiness just for you!"
"A Christmas poem for my friend, in a sincere tone.","Friend, wishing you joy today, May love and luck be here to stay. A special
moment, bright and true, Filled with happiness just for you!"
"A wedding poem for my friend, in a casual tone.","Friend, wishing you joy today, May love and luck be here to stay. A special
moment, bright and true, Filled with happiness just for you!"
"A wedding poem for my spouse, in a warm tone.","Spouse, wishing you joy today, May love and luck be here to stay. A special
moment, bright and true, Filled with happiness just for you!"
"A graduation poem for my spouse, in a warm tone.","Spouse, today’s your time to shine, With lessons learned and steps divine. May
kindness, wisdom, light your way, And bring you joy each passing day."
"A birthday poem for my parent, in a friendly tone.","My dear Parent, let’s celebrate, A day so bright, a day so great! Wishing joy
and lots of cheer, And happiness throughout the year."
"A birthday poem for my friend, in a casual tone.","Hey Friend, it’s time to cheer, Your special day is finally here! Laugh, eat
cake, and dance all night, Hope your birthday feels just right!"
"A New Year poem for my acquaintance, in a professional tone.","Acquaintance, wishing you joy today, May love and luck be here to stay. A
special moment, bright and true, Filled with happiness just for you!"
"A anniversary poem for my sibling, in a casual tone.","Sibling, wishing you joy today, May love and luck be here to stay. A special
moment, bright and true, Filled with happiness just for you!"
"A birthday poem for my parent, in a warm tone.","My dearest Parent, full of grace, A gentle heart, a smiling face. May love and
laughter fill your year, With memories sweet and moments dear."
"A anniversary poem for my friend, in a humorous tone.","Friend, wishing you joy today, May love and luck be here to stay. A special
moment, bright and true, Filled with happiness just for you!"
"A birthday poem for my spouse, in a professional tone.","Dear Spouse, your day's begun, Wishing success, joy, and fun. May health and
fortune stay with you, And all your dreams keep coming true."
"A New Year poem for my parent, in a friendly tone.","Parent, wishing you joy today, May love and luck be here to stay. A special
moment, bright and true, Filled with happiness just for you!"
"A promotion poem for my friend, in a professional tone.","Friend, wishing you joy today, May love and luck be here to stay. A special
moment, bright and true, Filled with happiness just for you!"
"A wedding poem for my spouse, in a confident tone.","Spouse, wishing you joy today, May love and luck be here to stay. A special
moment, bright and true, Filled with happiness just for you!"
"A New Year poem for my acquaintance, in a inspirational tone.","Acquaintance, wishing you joy today, May love and luck be here to stay. A
special moment, bright and true, Filled with happiness just for you!"
"A New Year poem for my spouse, in a inspirational tone.","Spouse, wishing you joy today, May love and luck be here to stay. A special
moment, bright and true, Filled with happiness just for you!"
"A birthday poem for my parent, in a humorous tone.","Happy birthday, Parent, cheers! You're aging well, despite the years! Don't
count the candles, just enjoy, And eat that cake without a ploy!"
"A promotion poem for my spouse, in a professional tone.","Spouse, wishing you joy today, May love and luck be here to stay. A special
moment, bright and true, Filled with happiness just for you!"
"A birthday poem for my acquaintance, in a humorous tone.","Happy birthday, Acquaintance, cheers! You're aging well, despite the years!
Don't count the candles, just enjoy, And eat that cake without a ploy!"
"A promotion poem for my parent, in a professional tone.","Parent, wishing you joy today, May love and luck be here to stay. A special
moment, bright and true, Filled with happiness just for you!"
"A wedding poem for my acquaintance, in a professional tone.","Acquaintance, wishing you joy today, May love and luck be here to stay. A
special moment, bright and true, Filled with happiness just for you!"
"A promotion poem for my acquaintance, in a critical tone.","Acquaintance, wishing you joy today, May love and luck be here to stay. A
special moment, bright and true, Filled with happiness just for you!"
"A wedding poem for my parent, in a confident tone.","Parent, wishing you joy today, May love and luck be here to stay. A special
moment, bright and true, Filled with happiness just for you!"
"A anniversary poem for my parent, in a confident tone.","Parent, wishing you joy today, May love and luck be here to stay. A special
moment, bright and true, Filled with happiness just for you!"
"A new job poem for my parent, in a inspirational tone.","Parent, wishing you joy today, May love and luck be here to stay. A special
moment, bright and true, Filled with happiness just for you!"
"A promotion poem for my parent, in a critical tone.","Parent, wishing you joy today, May love and luck be here to stay. A special
moment, bright and true, Filled with happiness just for you!"
"A graduation poem for my acquaintance, in a warm tone.","Acquaintance, today’s your time to shine, With lessons learned and steps divine.
May kindness, wisdom, light your way, And bring you joy each passing day."
"A birthday poem for my acquaintance, in a friendly tone.","My dear Acquaintance, let’s celebrate, A day so bright, a day so great! Wishing
joy and lots of cheer, And happiness throughout the year."
"A graduation poem for my sibling, in a friendly tone.","Hats off to you, Sibling, hooray! Your hard work’s paid off in a grand way. Now
step ahead, embrace the ride, With all your friends right by your side!"
"A new job poem for my parent, in a confident tone.","Parent, wishing you joy today, May love and luck be here to stay. A special
moment, bright and true, Filled with happiness just for you!"
"A Christmas poem for my acquaintance, in a casual tone.","Acquaintance, wishing you joy today, May love and luck be here to stay. A
special moment, bright and true, Filled with happiness just for you!"
"A anniversary poem for my spouse, in a inspirational tone.","Spouse, wishing you joy today, May love and luck be here to stay. A special
moment, bright and true, Filled with happiness just for you!"
"A new job poem for my friend, in a friendly tone.","Friend, wishing you joy today, May love and luck be here to stay. A special
moment, bright and true, Filled with happiness just for you!"
"A promotion poem for my parent, in a warm tone.","Parent, wishing you joy today, May love and luck be here to stay. A special
moment, bright and true, Filled with happiness just for you!"
"A wedding poem for my spouse, in a confident tone.","Spouse, wishing you joy today, May love and luck be here to stay. A special
moment, bright and true, Filled with happiness just for you!"
"A Christmas poem for my sibling, in a critical tone.","Sibling, wishing you joy today, May love and luck be here to stay. A special
moment, bright and true, Filled with happiness just for you!"
"A Christmas poem for my sibling, in a confident tone.","Sibling, wishing you joy today, May love and luck be here to stay. A special
moment, bright and true, Filled with happiness just for you!"
"A anniversary poem for my sibling, in a friendly tone.","Sibling, wishing you joy today, May love and luck be here to stay. A special
moment, bright and true, Filled with happiness just for you!"
"A birthday poem for my friend, in a critical tone.","Friend, another year, take note, Wisdom grows as time you tote. Make each moment
wise and true, The best in life is up to you!"
"A new job poem for my spouse, in a confident tone.","Spouse, wishing you joy today, May love and luck be here to stay. A special
moment, bright and true, Filled with happiness just for you!"
"A birthday poem for my parent, in a casual tone.","Hey Parent, it’s time to cheer, Your special day is finally here! Laugh, eat
cake, and dance all night, Hope your birthday feels just right!"
"A birthday poem for my parent, in a casual tone.","Hey Parent, it’s time to cheer, Your special day is finally here! Laugh, eat
cake, and dance all night, Hope your birthday feels just right!"
"A graduation poem for my sibling, in a confident tone.","You've done it, Sibling, the world awaits, Your path is bright, unlock those
gates. May wisdom guide you, dreams come true, The best of life is made by you!"
"A anniversary poem for my parent, in a inspirational tone.","Parent, wishing you joy today, May love and luck be here to stay. A special
moment, bright and true, Filled with happiness just for you!"
"A anniversary poem for my acquaintance, in a casual tone.","Acquaintance, wishing you joy today, May love and luck be here to stay. A
special moment, bright and true, Filled with happiness just for you!"
"A wedding poem for my parent, in a humorous tone.","Parent, wishing you joy today, May love and luck be here to stay. A special
moment, bright and true, Filled with happiness just for you!"
"A new job poem for my sibling, in a professional tone.","Sibling, wishing you joy today, May love and luck be here to stay. A special
moment, bright and true, Filled with happiness just for you!"
"A graduation poem for my sibling, in a critical tone.","A diploma earned, Sibling, well played, But life’s real test is yet to be made.
Stay strong, stay sharp, keep pushing through, The world’s got much in store for
you."
"A promotion poem for my friend, in a critical tone.","Friend, wishing you joy today, May love and luck be here to stay. A special
moment, bright and true, Filled with happiness just for you!"
"A graduation poem for my spouse, in a inspirational tone.","A dream once distant, now so near, You’ve conquered fear, embraced the year. Go
forth, create, and light the way, The future’s bright—seize it today!"
"A New Year poem for my acquaintance, in a casual tone.","Acquaintance, wishing you joy today, May love and luck be here to stay. A
special moment, bright and true, Filled with happiness just for you!"
"A birthday poem for my spouse, in a sincere tone.","Spouse, on this day so bright, I wish you joy and pure delight. May love and
laughter fill your days, And life unfold in golden rays."
"A promotion poem for my sibling, in a confident tone.","Sibling, wishing you joy today, May love and luck be here to stay. A special
moment, bright and true, Filled with happiness just for you!"
"A New Year poem for my spouse, in a friendly tone.","Spouse, wishing you joy today, May love and luck be here to stay. A special
moment, bright and true, Filled with happiness just for you!"
"A New Year poem for my acquaintance, in a casual tone.","Acquaintance, wishing you joy today, May love and luck be here to stay. A
special moment, bright and true, Filled with happiness just for you!"
"A new job poem for my spouse, in a confident tone.","Spouse, wishing you joy today, May love and luck be here to stay. A special
moment, bright and true, Filled with happiness just for you!"
"A new job poem for my parent, in a critical tone.","Parent, wishing you joy today, May love and luck be here to stay. A special
moment, bright and true, Filled with happiness just for you!"
"A anniversary poem for my sibling, in a friendly tone.","Sibling, wishing you joy today, May love and luck be here to stay. A special
moment, bright and true, Filled with happiness just for you!"
